Benchmark,Device,Device Name,Skipped,NumElements,DataSize (bytes),Samples,CPU Time (sec),Noise,GPU Time (sec),Noise,Elem/s (elem/sec),GlobalMem BW (bytes/sec),BWPeak,Batch GPU (sec),Batch
throughput_bench,0,Quadro GV100,No,16777216,67108864,47755,0.00027093838689142973,0.011175841617840646,0.00026478739019249176,0.011463549240955353,63361083727.603165,506888669820.8253,0.5823629019081173,0.0002632571401085129,47756
throughput_bench,1,Quadro GP100,No,16777216,67108864,46734,0.00028047131987418375,0.009878517915727511,0.0002757727249773843,0.009988896437015563,60837111434.337364,486696891474.6989,0.664741165147917,0.0002754124925807889,46735
