Benchmark,Device,Device Name,Skipped,Samples,CPU Time (sec),Noise,GPU Time (sec),Noise,Elem/s (elem/sec),GlobalMem BW (bytes/sec),BWPeak
mod2_inplace,0,Quadro GV100,No,27572,0.00026979653764688707,0.009574712799615451,0.0002636220670364504,0.009810298459991085,63641167025.97682,509129336207.8146,0.5849371969299341
mod2_inplace,1,Quadro GP100,No,26721,0.0002731037747090319,0.005791152713027165,0.000268388258513477,0.005821839019989222,62510990953.64315,500087927629.1452,0.6830309326228491
