Benchmark,Device,Device Name,Skipped,Items,Size (bytes),Samples,CPU Time (sec),Noise,GPU Time (sec),Noise,Elem/s (elem/sec),GlobalMem BW (bytes/sec),BWPeak
sequence_bench,0,Quadro GV100,No,16777216,67108864,88096,0.00011210838060751815,0.0043948813906645855,0.00010738264021815305,0.005226831698093829,156237693224.12143,624950772896.4857,0.7180041048902639
sequence_bench,1,Quadro GP100,No,16777216,67108864,4236,0.0001220395009442869,0.0031913153957058224,0.00011805303109505499,0.0030945635166685077,142115927430.03076,568463709720.123,0.7764200580749058
