Benchmark,Device,Device Name,T,Stride,Skipped,Elements,HBWPeak,LoadEff,StoreEff,L1HitRate,L2HitRate,Samples,CPU Time (sec),Noise,GPU Time (sec),Noise,Elem/s (elem/sec),Batch GPU (sec),Batch
throughput_bench,0,Quadro GV100,1,1,No,33554432,0.6585438475423353,1,1,0,0.49999904648868265,1078,0.00047011594805194853,0.0014244727929907238,0.0004639086524829754,0.0015463138823336802,72329825754.28767,0.0004611097332451499,1134
throughput_bench,0,Quadro GV100,1,4,No,33554432,0.6947096407739456,0.25,1,0,0.2000340992245478,452,0.0011125579800884962,0.0006852662282240376,0.0011062891657373588,0.0006886487256687341,30330616116.660107,0.001102912886702233,473
throughput_bench,0,Quadro GV100,2,1,No,33554432,0.671727291393325,0.5069332663594991,1,0.2682065963745117,0.5437664402009483,548,0.0009194173795620432,0.0006406757855676574,0.0009131468997819581,0.0006974456101610215,36745929935.27345,0.0009104959699842665,576
throughput_bench,0,Quadro GV100,2,4,No,33554432,0.5825672478320796,0.12669523778540573,1,0.20691384209526908,0.3812073432135215,175,0.0028746560114285722,0.002486847758258855,0.002868418363843645,0.0024933453791821615,11697886341.460135,0.002855257117229959,184
throughput_bench,1,Quadro GP100,1,1,Yes,,,,,,,,,,,,,,
throughput_bench,1,Quadro GP100,1,4,Yes,,,,,,,,,,,,,,
throughput_bench,1,Quadro GP100,2,1,Yes,,,,,,,,,,,,,,
throughput_bench,1,Quadro GP100,2,4,Yes,,,,,,,,,,,,,,
